rank,k_eff,cost_usd_per_kg,density_g_per_cm3,num_components,total_mass_g,porosity_pct,masses_json,display_line
1,0.0001,5.24,0.1464,4,370.63,88.2,"{""ceramic_fiber"": 181.24, ""fumed_silica"": 15.45, ""graphene"": 0.91, ""gypsum"": 172.91}",1. k=0.00010 | $5.24/kg | 4 comp
2,0.0001,5.24,0.1464,4,361.81,88.2,"{""ceramic_fiber"": 176.61, ""fumed_silica"": 15.33, ""graphene"": 0.9, ""gypsum"": 168.78}",2. k=0.00010 | $5.24/kg | 4 comp
3,0.0001,5.24,0.1483,4,384.97,88.1,"{""ceramic_fiber"": 184.76, ""fumed_silica"": 18.39, ""graphene"": 0.94, ""gypsum"": 180.74}",3. k=0.00010 | $5.24/kg | 4 comp
4,0.0001,5.24,0.1483,4,361.95,88.1,"{""ceramic_fiber"": 174.02, ""fumed_silica"": 16.95, ""graphene"": 0.92, ""gypsum"": 169.9}",4. k=0.00010 | $5.24/kg | 4 comp
5,0.0001,5.24,0.1487,4,405.27,88.0,"{""ceramic_fiber"": 193.41, ""fumed_silica"": 20.21, ""graphene"": 0.92, ""gypsum"": 190.57}",5. k=0.00010 | $5.24/kg | 4 comp
6,0.0001,5.24,0.1488,4,374.55,88.0,"{""ceramic_fiber"": 178.87, ""fumed_silica"": 18.46, ""graphene"": 0.91, ""gypsum"": 176.12}",6. k=0.00010 | $5.24/kg | 4 comp
7,0.0001,5.24,0.1488,4,418.56,88.0,"{""ceramic_fiber"": 200.38, ""fumed_silica"": 20.17, ""graphene"": 1.03, ""gypsum"": 196.82}",7. k=0.00010 | $5.24/kg | 4 comp
8,0.0001,5.24,0.1489,4,378.46,88.0,"{""ceramic_fiber"": 181.0, ""fumed_silica"": 18.38, ""graphene"": 0.95, ""gypsum"": 177.99}",8. k=0.00010 | $5.24/kg | 4 comp
9,0.0001,5.24,0.1491,4,398.07,88.0,"{""ceramic_fiber"": 190.35, ""fumed_silica"": 19.25, ""graphene"": 1.05, ""gypsum"": 187.25}",9. k=0.00010 | $5.24/kg | 4 comp
10,0.0001,5.24,0.1493,4,351.26,88.0,"{""ceramic_fiber"": 167.38, ""fumed_silica"": 17.42, ""graphene"": 0.9, ""gypsum"": 165.39}",10. k=0.00010 | $5.24/kg | 4 comp
11,0.0001,5.24,0.1494,4,372.16,88.0,"{""ceramic_fiber"": 177.41, ""fumed_silica"": 18.34, ""graphene"": 0.93, ""gypsum"": 175.29}",11. k=0.00010 | $5.24/kg | 4 comp
12,0.0001,5.24,0.1495,4,406.09,88.0,"{""ceramic_fiber"": 192.27, ""fumed_silica"": 21.27, ""graphene"": 0.95, ""gypsum"": 191.45}",12. k=0.00010 | $5.24/kg | 4 comp
13,0.0001,5.24,0.1497,4,361.69,88.0,"{""ceramic_fiber"": 171.69, ""fumed_silica"": 18.38, ""graphene"": 0.92, ""gypsum"": 170.54}",13. k=0.00010 | $5.24/kg | 4 comp
14,0.0001,5.24,0.1509,4,368.2,87.9,"{""ceramic_fiber"": 173.35, ""fumed_silica"": 19.5, ""graphene"": 0.94, ""gypsum"": 174.17}",14. k=0.00010 | $5.24/kg | 4 comp
15,0.0001,5.24,0.1513,4,373.4,87.9,"{""ceramic_fiber"": 174.75, ""fumed_silica"": 20.6, ""graphene"": 0.94, ""gypsum"": 176.95}",15. k=0.00010 | $5.24/kg | 4 comp
16,0.0001,5.24,0.1532,4,358.21,87.8,"{""ceramic_fiber"": 165.31, ""fumed_silica"": 21.08, ""graphene"": 0.9, ""gypsum"": 170.76}",16. k=0.00010 | $5.24/kg | 4 comp
17,0.0001,5.25,0.1435,4,356.61,88.3,"{""ceramic_fiber"": 177.09, ""fumed_silica"": 13.66, ""graphene"": 0.9, ""gypsum"": 164.8}",17. k=0.00010 | $5.25/kg | 4 comp
18,0.0001,5.25,0.1452,4,406.05,88.2,"{""ceramic_fiber"": 198.26, ""fumed_silica"": 17.84, ""graphene"": 0.93, ""gypsum"": 188.88}",18. k=0.00010 | $5.25/kg | 4 comp
19,0.0001,5.25,0.1471,4,349.23,88.1,"{""ceramic_fiber"": 168.97, ""fumed_silica"": 15.92, ""graphene"": 0.94, ""gypsum"": 163.27}",19. k=0.00010 | $5.25/kg | 4 comp
20,0.0001,5.25,0.1476,4,358.98,88.1,"{""ceramic_fiber"": 173.55, ""fumed_silica"": 16.26, ""graphene"": 0.95, ""gypsum"": 168.03}",20. k=0.00010 | $5.25/kg | 4 comp
21,0.0001,5.25,0.1484,4,364.95,88.1,"{""ceramic_fiber"": 174.85, ""fumed_silica"": 17.68, ""graphene"": 0.96, ""gypsum"": 171.32}",21. k=0.00010 | $5.25/kg | 4 comp
22,0.0001,5.25,0.1486,4,374.62,88.0,"{""ceramic_fiber"": 179.27, ""fumed_silica"": 18.22, ""graphene"": 1.01, ""gypsum"": 175.98}",22. k=0.00010 | $5.25/kg | 4 comp
23,0.0001,5.25,0.1486,4,389.3,88.0,"{""ceramic_fiber"": 186.57, ""fumed_silica"": 18.68, ""graphene"": 1.01, ""gypsum"": 182.89}",23. k=0.00010 | $5.25/kg | 4 comp
24,0.0001,5.25,0.1487,4,354.2,88.0,"{""ceramic_fiber"": 169.68, ""fumed_silica"": 16.98, ""graphene"": 0.94, ""gypsum"": 166.43}",24. k=0.00010 | $5.25/kg | 4 comp
25,0.0001,5.25,0.149,4,353.59,88.0,"{""ceramic_fiber"": 169.14, ""fumed_silica"": 17.05, ""graphene"": 1.0, ""gypsum"": 166.23}",25. k=0.00010 | $5.25/kg | 4 comp
26,0.0001,5.25,0.1496,4,350.45,88.0,"{""ceramic_fiber"": 166.28, ""fumed_silica"": 17.92, ""graphene"": 0.94, ""gypsum"": 165.15}",26. k=0.00010 | $5.25/kg | 4 comp
27,0.0001,5.25,0.1501,4,379.01,88.0,"{""ceramic_fiber"": 178.68, ""fumed_silica"": 20.26, ""graphene"": 1.0, ""gypsum"": 178.9}",27. k=0.00010 | $5.25/kg | 4 comp
28,0.0001,5.25,0.1505,4,341.95,87.9,"{""ceramic_fiber"": 160.68, ""fumed_silica"": 18.61, ""graphene"": 0.9, ""gypsum"": 161.64}",28. k=0.00010 | $5.25/kg | 4 comp
29,0.0001,5.25,0.1507,4,350.97,87.9,"{""ceramic_fiber"": 165.27, ""fumed_silica"": 18.66, ""graphene"": 0.95, ""gypsum"": 165.94}",29. k=0.00010 | $5.25/kg | 4 comp
30,0.0001,5.25,0.1513,4,359.18,87.9,"{""ceramic_fiber"": 167.66, ""fumed_silica"": 20.24, ""graphene"": 0.94, ""gypsum"": 170.15}",30. k=0.00010 | $5.25/kg | 4 comp
31,0.0001,5.25,0.1517,4,359.81,87.9,"{""ceramic_fiber"": 167.81, ""fumed_silica"": 20.18, ""graphene"": 0.98, ""gypsum"": 170.66}",31. k=0.00010 | $5.25/kg | 4 comp
32,0.0001,5.25,0.1523,4,333.69,87.8,"{""ceramic_fiber"": 154.71, ""fumed_silica"": 19.36, ""graphene"": 0.9, ""gypsum"": 158.58}",32. k=0.00010 | $5.25/kg | 4 comp
33,0.0001,5.25,0.1523,4,359.99,87.8,"{""ceramic_fiber"": 166.99, ""fumed_silica"": 20.81, ""graphene"": 0.98, ""gypsum"": 171.05}",33. k=0.00010 | $5.25/kg | 4 comp
34,0.0001,5.25,0.1526,4,321.9,87.8,"{""ceramic_fiber"": 149.38, ""fumed_silica"": 18.4, ""graphene"": 0.9, ""gypsum"": 153.08}",34. k=0.00010 | $5.25/kg | 4 comp
35,0.0001,5.25,0.1544,4,351.27,87.7,"{""ceramic_fiber"": 160.04, ""fumed_silica"": 22.11, ""graphene"": 0.93, ""gypsum"": 168.05}",35. k=0.00010 | $5.25/kg | 4 comp
36,0.0001,5.25,0.1556,4,340.72,87.6,"{""ceramic_fiber"": 153.92, ""fumed_silica"": 22.16, ""graphene"": 0.93, ""gypsum"": 163.56}",36. k=0.00010 | $5.25/kg | 4 comp
37,0.0001,5.25,0.1558,4,336.14,87.6,"{""ceramic_fiber"": 151.73, ""fumed_silica"": 21.9, ""graphene"": 0.93, ""gypsum"": 161.41}",37. k=0.00010 | $5.25/kg | 4 comp
38,0.0001,5.26,0.1463,4,374.44,88.2,"{""ceramic_fiber"": 181.35, ""fumed_silica"": 17.28, ""graphene"": 0.97, ""gypsum"": 174.67}",38. k=0.00010 | $5.26/kg | 4 comp
39,0.0001,5.26,0.148,4,327.09,88.1,"{""ceramic_fiber"": 156.75, ""fumed_silica"": 15.95, ""graphene"": 0.9, ""gypsum"": 153.32}",39. k=0.00010 | $5.26/kg | 4 comp
40,0.0001,5.26,0.1482,4,341.88,88.1,"{""ceramic_fiber"": 163.18, ""fumed_silica"": 17.22, ""graphene"": 0.9, ""gypsum"": 160.43}",40. k=0.00010 | $5.26/kg | 4 comp
41,0.0001,5.26,0.1484,4,344.64,88.0,"{""ceramic_fiber"": 164.79, ""fumed_silica"": 16.97, ""graphene"": 0.96, ""gypsum"": 161.74}",41. k=0.00010 | $5.26/kg | 4 comp
42,0.0001,5.26,0.1484,4,344.75,88.0,"{""ceramic_fiber"": 164.03, ""fumed_silica"": 17.75, ""graphene"": 0.9, ""gypsum"": 161.91}",42. k=0.00010 | $5.26/kg | 4 comp
43,0.0001,5.26,0.1495,4,323.42,88.0,"{""ceramic_fiber"": 153.78, ""fumed_silica"": 16.28, ""graphene"": 0.92, ""gypsum"": 152.29}",43. k=0.00010 | $5.26/kg | 4 comp
44,0.0001,5.26,0.1496,4,320.77,88.0,"{""ceramic_fiber"": 152.25, ""fumed_silica"": 16.36, ""graphene"": 0.93, ""gypsum"": 151.1}",44. k=0.00010 | $5.26/kg | 4 comp
45,0.0001,5.26,0.1499,4,336.74,88.0,"{""ceramic_fiber"": 159.83, ""fumed_silica"": 17.06, ""graphene"": 1.01, ""gypsum"": 158.67}",45. k=0.00010 | $5.26/kg | 4 comp
46,0.0001,5.26,0.15,4,324.22,88.0,"{""ceramic_fiber"": 152.97, ""fumed_silica"": 17.16, ""graphene"": 0.94, ""gypsum"": 152.85}",46. k=0.00010 | $5.26/kg | 4 comp
47,0.0001,5.26,0.1502,4,326.21,87.9,"{""ceramic_fiber"": 154.05, ""fumed_silica"": 17.11, ""graphene"": 0.92, ""gypsum"": 153.97}",47. k=0.00010 | $5.26/kg | 4 comp
48,0.0001,5.26,0.1508,4,323.83,87.9,"{""ceramic_fiber"": 152.51, ""fumed_silica"": 17.15, ""graphene"": 0.94, ""gypsum"": 153.07}",48. k=0.00010 | $5.26/kg | 4 comp
49,0.0001,5.26,0.1509,4,342.53,87.9,"{""ceramic_fiber"": 160.5, ""fumed_silica"": 18.91, ""graphene"": 0.92, ""gypsum"": 162.06}",49. k=0.00010 | $5.26/kg | 4 comp
50,0.0001,5.26,0.1519,4,311.2,87.9,"{""ceramic_fiber"": 145.06, ""fumed_silica"": 17.46, ""graphene"": 0.91, ""gypsum"": 147.65}",50. k=0.00010 | $5.26/kg | 4 comp
51,0.0001,5.26,0.1529,4,319.48,87.8,"{""ceramic_fiber"": 147.13, ""fumed_silica"": 19.23, ""graphene"": 0.91, ""gypsum"": 152.06}",51. k=0.00010 | $5.26/kg | 4 comp
52,0.0001,5.26,0.1537,4,322.49,87.7,"{""ceramic_fiber"": 147.99, ""fumed_silica"": 19.54, ""graphene"": 0.95, ""gypsum"": 153.85}",52. k=0.00010 | $5.26/kg | 4 comp
53,0.0001,5.26,0.1538,4,346.42,87.7,"{""ceramic_fiber"": 157.51, ""fumed_silica"": 22.36, ""graphene"": 0.92, ""gypsum"": 165.47}",53. k=0.00010 | $5.26/kg | 4 comp
54,0.0001,5.26,0.1542,4,320.33,87.7,"{""ceramic_fiber"": 146.56, ""fumed_silica"": 19.65, ""graphene"": 0.9, ""gypsum"": 153.07}",54. k=0.00010 | $5.26/kg | 4 comp
55,0.0001,5.26,0.1542,4,334.36,87.7,"{""ceramic_fiber"": 152.24, ""fumed_silica"": 21.22, ""graphene"": 0.9, ""gypsum"": 159.86}",55. k=0.00010 | $5.26/kg | 4 comp
56,0.0001,5.26,0.155,4,354.98,87.7,"{""ceramic_fiber"": 161.15, ""fumed_silica"": 22.59, ""graphene"": 1.0, ""gypsum"": 170.1}",56. k=0.00010 | $5.26/kg | 4 comp
57,0.0001,5.26,0.1552,4,327.66,87.7,"{""ceramic_fiber"": 148.63, ""fumed_silica"": 20.88, ""graphene"": 0.98, ""gypsum"": 157.01}",57. k=0.00010 | $5.26/kg | 4 comp
58,0.0001,5.26,0.1571,4,314.66,87.6,"{""ceramic_fiber"": 139.75, ""fumed_silica"": 22.12, ""graphene"": 0.9, ""gypsum"": 151.73}",58. k=0.00010 | $5.26/kg | 4 comp
59,0.0001,5.27,0.1489,4,350.51,88.0,"{""ceramic_fiber"": 165.14, ""fumed_silica"": 19.33, ""graphene"": 0.93, ""gypsum"": 164.9}",59. k=0.00010 | $5.27/kg | 4 comp
60,0.0001,5.27,0.1508,4,308.51,87.9,"{""ceramic_fiber"": 145.32, ""fumed_silica"": 16.3, ""graphene"": 0.99, ""gypsum"": 145.79}",60. k=0.00010 | $5.27/kg | 4 comp
61,0.0001,5.27,0.1509,4,320.73,87.9,"{""ceramic_fiber"": 150.31, ""fumed_silica"": 17.65, ""graphene"": 0.95, ""gypsum"": 151.67}",61. k=0.00010 | $5.27/kg | 4 comp
62,0.0001,5.27,0.1517,4,324.13,87.9,"{""ceramic_fiber"": 150.26, ""fumed_silica"": 19.07, ""graphene"": 0.91, ""gypsum"": 153.76}",62. k=0.00010 | $5.27/kg | 4 comp
63,0.0001,5.27,0.1521,4,310.37,87.8,"{""ceramic_fiber"": 144.44, ""fumed_silica"": 17.56, ""graphene"": 0.93, ""gypsum"": 147.28}",63. k=0.00010 | $5.27/kg | 4 comp
64,0.0001,5.27,0.1524,4,299.64,87.8,"{""ceramic_fiber"": 139.24, ""fumed_silica"": 17.02, ""graphene"": 0.93, ""gypsum"": 142.28}",64. k=0.00010 | $5.27/kg | 4 comp
65,0.0001,5.27,0.1526,4,321.59,87.8,"{""ceramic_fiber"": 148.16, ""fumed_silica"": 19.44, ""graphene"": 0.96, ""gypsum"": 152.9}",65. k=0.00010 | $5.27/kg | 4 comp
66,0.0001,5.27,0.1542,4,310.34,87.7,"{""ceramic_fiber"": 141.79, ""fumed_silica"": 19.23, ""graphene"": 0.95, ""gypsum"": 148.24}",66. k=0.00010 | $5.27/kg | 4 comp
67,0.0001,5.27,0.1546,4,296.52,87.7,"{""ceramic_fiber"": 134.86, ""fumed_silica"": 18.79, ""graphene"": 0.91, ""gypsum"": 141.81}",67. k=0.00010 | $5.27/kg | 4 comp
68,0.0001,5.27,0.1546,4,307.47,87.7,"{""ceramic_fiber"": 140.03, ""fumed_silica"": 19.3, ""graphene"": 0.93, ""gypsum"": 147.05}",68. k=0.00010 | $5.27/kg | 4 comp
69,0.0001,5.27,0.155,4,302.6,87.7,"{""ceramic_fiber"": 137.32, ""fumed_silica"": 19.31, ""graphene"": 0.95, ""gypsum"": 144.83}",69. k=0.00010 | $5.27/kg | 4 comp
70,0.0001,5.27,0.1554,4,289.94,87.7,"{""ceramic_fiber"": 131.34, ""fumed_silica"": 18.6, ""graphene"": 0.9, ""gypsum"": 138.96}",70. k=0.00010 | $5.27/kg | 4 comp
71,0.0001,5.27,0.1557,4,289.34,87.6,"{""ceramic_fiber"": 130.66, ""fumed_silica"": 18.81, ""graphene"": 0.93, ""gypsum"": 138.78}",71. k=0.00010 | $5.27/kg | 4 comp
72,0.0001,5.27,0.1561,4,315.48,87.6,"{""ceramic_fiber"": 141.67, ""fumed_silica"": 21.12, ""graphene"": 0.95, ""gypsum"": 151.59}",72. k=0.00010 | $5.27/kg | 4 comp
73,0.0001,5.27,0.1565,4,318.46,87.6,"{""ceramic_fiber"": 141.8, ""fumed_silica"": 22.31, ""graphene"": 0.91, ""gypsum"": 153.27}",73. k=0.00010 | $5.27/kg | 4 comp
74,0.0001,5.28,0.1486,4,318.48,88.0,"{""ceramic_fiber"": 151.98, ""fumed_silica"": 15.88, ""graphene"": 0.99, ""gypsum"": 149.54}",74. k=0.00010 | $5.28/kg | 4 comp
75,0.0001,5.28,0.1494,4,293.55,88.0,"{""ceramic_fiber"": 139.74, ""fumed_silica"": 14.66, ""graphene"": 0.99, ""gypsum"": 137.96}",75. k=0.00010 | $5.28/kg | 4 comp
76,0.0001,5.28,0.1502,4,306.3,87.9,"{""ceramic_fiber"": 144.51, ""fumed_silica"": 16.2, ""graphene"": 0.98, ""gypsum"": 144.46}",76. k=0.00010 | $5.28/kg | 4 comp
77,0.0001,5.28,0.1509,4,277.48,87.9,"{""ceramic_fiber"": 130.48, ""fumed_silica"": 14.84, ""graphene"": 0.95, ""gypsum"": 131.07}",77. k=0.00010 | $5.28/kg | 4 comp
78,0.0001,5.28,0.1518,4,294.28,87.9,"{""ceramic_fiber"": 137.01, ""fumed_silica"": 16.71, ""graphene"": 0.92, ""gypsum"": 139.47}",78. k=0.00010 | $5.28/kg | 4 comp
79,0.0001,5.28,0.152,4,308.85,87.8,"{""ceramic_fiber"": 143.4, ""fumed_silica"": 17.82, ""graphene"": 0.97, ""gypsum"": 146.51}",79. k=0.00010 | $5.28/kg | 4 comp
80,0.0001,5.28,0.1525,4,317.68,87.8,"{""ceramic_fiber"": 147.41, ""fumed_silica"": 18.21, ""graphene"": 1.04, ""gypsum"": 150.87}",80. k=0.00010 | $5.28/kg | 4 comp
81,0.0001,5.28,0.1532,4,290.33,87.8,"{""ceramic_fiber"": 133.83, ""fumed_silica"": 17.22, ""graphene"": 0.94, ""gypsum"": 138.2}",81. k=0.00010 | $5.28/kg | 4 comp
82,0.0001,5.28,0.1534,4,280.99,87.8,"{""ceramic_fiber"": 129.27, ""fumed_silica"": 16.82, ""graphene"": 0.95, ""gypsum"": 133.78}",82. k=0.00010 | $5.28/kg | 4 comp
83,0.0001,5.28,0.1536,4,294.92,87.8,"{""ceramic_fiber"": 135.44, ""fumed_silica"": 17.85, ""graphene"": 0.95, ""gypsum"": 140.54}",83. k=0.00010 | $5.28/kg | 4 comp
84,0.0001,5.28,0.1537,4,294.35,87.7,"{""ceramic_fiber"": 134.77, ""fumed_silica"": 18.15, ""graphene"": 0.96, ""gypsum"": 140.33}",84. k=0.00010 | $5.28/kg | 4 comp
85,0.0001,5.28,0.1538,4,295.4,87.7,"{""ceramic_fiber"": 135.52, ""fumed_silica"": 17.91, ""graphene"": 0.97, ""gypsum"": 140.84}",85. k=0.00010 | $5.28/kg | 4 comp
86,0.0001,5.28,0.1543,4,277.01,87.7,"{""ceramic_fiber"": 126.36, ""fumed_silica"": 17.29, ""graphene"": 0.93, ""gypsum"": 132.25}",86. k=0.00010 | $5.28/kg | 4 comp
87,0.0001,5.28,0.1543,4,305.26,87.7,"{""ceramic_fiber"": 138.69, ""fumed_silica"": 19.61, ""graphene"": 0.98, ""gypsum"": 145.83}",87. k=0.00010 | $5.28/kg | 4 comp
88,0.0001,5.28,0.1547,4,287.97,87.7,"{""ceramic_fiber"": 130.53, ""fumed_silica"": 18.63, ""graphene"": 0.92, ""gypsum"": 137.73}",88. k=0.00010 | $5.28/kg | 4 comp
89,0.0001,5.28,0.1551,4,306.09,87.7,"{""ceramic_fiber"": 138.62, ""fumed_silica"": 19.76, ""graphene"": 0.98, ""gypsum"": 146.57}",89. k=0.00010 | $5.28/kg | 4 comp
90,0.0001,5.28,0.1561,4,272.92,87.6,"{""ceramic_fiber"": 122.48, ""fumed_silica"": 18.33, ""graphene"": 0.91, ""gypsum"": 131.06}",90. k=0.00010 | $5.28/kg | 4 comp
91,0.0001,5.28,0.1564,4,289.1,87.6,"{""ceramic_fiber"": 129.42, ""fumed_silica"": 19.61, ""graphene"": 0.92, ""gypsum"": 138.99}",91. k=0.00010 | $5.28/kg | 4 comp
92,0.0001,5.28,0.1567,4,277.35,87.6,"{""ceramic_fiber"": 123.75, ""fumed_silica"": 19.14, ""graphene"": 0.91, ""gypsum"": 133.45}",92. k=0.00010 | $5.28/kg | 4 comp
93,0.0001,5.28,0.1571,4,299.24,87.6,"{""ceramic_fiber"": 133.38, ""fumed_silica"": 20.6, ""graphene"": 1.0, ""gypsum"": 144.11}",93. k=0.00010 | $5.28/kg | 4 comp
94,0.0001,5.28,0.1585,4,278.93,87.5,"{""ceramic_fiber"": 122.74, ""fumed_silica"": 20.18, ""graphene"": 0.91, ""gypsum"": 134.94}",94. k=0.00010 | $5.28/kg | 4 comp
95,0.0001,5.28,0.1586,4,287.24,87.5,"{""ceramic_fiber"": 126.07, ""fumed_silica"": 21.08, ""graphene"": 0.94, ""gypsum"": 139.0}",95. k=0.00010 | $5.28/kg | 4 comp
96,0.0001,5.28,0.1595,4,305.49,87.4,"{""ceramic_fiber"": 132.75, ""fumed_silica"": 23.35, ""graphene"": 0.98, ""gypsum"": 148.24}",96. k=0.00010 | $5.28/kg | 4 comp
97,0.0001,5.29,0.149,4,302.55,88.0,"{""ceramic_fiber"": 142.12, ""fumed_silica"": 17.1, ""graphene"": 0.9, ""gypsum"": 142.28}",97. k=0.00010 | $5.29/kg | 4 comp
98,0.0001,5.29,0.1513,4,309.73,87.9,"{""ceramic_fiber"": 142.68, ""fumed_silica"": 19.25, ""graphene"": 0.9, ""gypsum"": 146.74}",98. k=0.00010 | $5.29/kg | 4 comp
99,0.0001,5.29,0.1527,4,273.83,87.8,"{""ceramic_fiber"": 125.58, ""fumed_silica"": 17.03, ""graphene"": 0.9, ""gypsum"": 130.15}",99. k=0.00010 | $5.29/kg | 4 comp
100,0.0001,5.29,0.1534,4,281.95,87.8,"{""ceramic_fiber"": 128.36, ""fumed_silica"": 18.21, ""graphene"": 0.91, ""gypsum"": 134.32}",100. k=0.00010 | $5.29/kg | 4 comp
101,0.0001,5.29,0.1538,4,288.68,87.7,"{""ceramic_fiber"": 131.03, ""fumed_silica"": 18.84, ""graphene"": 0.9, ""gypsum"": 137.75}",101. k=0.00010 | $5.29/kg | 4 comp
102,0.0001,5.29,0.1551,4,298.94,87.7,"{""ceramic_fiber"": 133.94, ""fumed_silica"": 20.68, ""graphene"": 0.92, ""gypsum"": 143.25}",102. k=0.00010 | $5.29/kg | 4 comp
103,0.0001,5.29,0.1557,4,283.68,87.6,"{""ceramic_fiber"": 126.86, ""fumed_silica"": 19.64, ""graphene"": 0.9, ""gypsum"": 136.13}",103. k=0.00010 | $5.29/kg | 4 comp
104,0.0001,5.29,0.1557,4,276.72,87.6,"{""ceramic_fiber"": 124.76, ""fumed_silica"": 18.15, ""graphene"": 0.97, ""gypsum"": 132.56}",104. k=0.00010 | $5.29/kg | 4 comp
105,0.0001,5.29,0.1558,4,280.75,87.6,"{""ceramic_fiber"": 126.34, ""fumed_silica"": 18.64, ""graphene"": 0.97, ""gypsum"": 134.66}",105. k=0.00010 | $5.29/kg | 4 comp
106,0.0001,5.29,0.1559,4,285.86,87.6,"{""ceramic_fiber"": 127.75, ""fumed_silica"": 19.81, ""graphene"": 0.94, ""gypsum"": 137.2}",106. k=0.00010 | $5.29/kg | 4 comp
107,0.0001,5.29,0.156,4,277.65,87.6,"{""ceramic_fiber"": 124.89, ""fumed_silica"": 18.43, ""graphene"": 0.97, ""gypsum"": 133.2}",107. k=0.00010 | $5.29/kg | 4 comp
108,0.0001,5.29,0.1574,4,276.79,87.5,"{""ceramic_fiber"": 122.67, ""fumed_silica"": 19.62, ""graphene"": 0.96, ""gypsum"": 133.38}",108. k=0.00010 | $5.29/kg | 4 comp
109,0.0001,5.29,0.1594,4,267.65,87.4,"{""ceramic_fiber"": 116.57, ""fumed_silica"": 20.24, ""graphene"": 0.92, ""gypsum"": 129.75}",109. k=0.00010 | $5.29/kg | 4 comp
110,0.0001,5.29,0.1601,4,279.87,87.4,"{""ceramic_fiber"": 121.08, ""fumed_silica"": 21.66, ""graphene"": 0.92, ""gypsum"": 136.05}",110. k=0.00010 | $5.29/kg | 4 comp
111,0.0001,5.29,0.1604,4,291.34,87.4,"{""ceramic_fiber"": 125.56, ""fumed_silica"": 22.89, ""graphene"": 0.97, ""gypsum"": 141.75}",111. k=0.00010 | $5.29/kg | 4 comp
112,0.0001,5.29,0.161,4,267.41,87.3,"{""ceramic_fiber"": 114.57, ""fumed_silica"": 21.47, ""graphene"": 0.9, ""gypsum"": 130.3}",112. k=0.00010 | $5.29/kg | 4 comp
113,0.0001,5.3,0.1523,4,299.74,87.8,"{""ceramic_fiber"": 136.6, ""fumed_silica"": 19.64, ""graphene"": 0.9, ""gypsum"": 142.45}",113. k=0.00010 | $5.30/kg | 4 comp
114,0.0001,5.3,0.1531,4,263.73,87.8,"{""ceramic_fiber"": 121.75, ""fumed_silica"": 15.51, ""graphene"": 0.98, ""gypsum"": 125.34}",114. k=0.00010 | $5.30/kg | 4 comp
115,0.0001,5.3,0.1536,4,279.25,87.7,"{""ceramic_fiber"": 126.26, ""fumed_silica"": 18.79, ""graphene"": 0.9, ""gypsum"": 133.14}",115. k=0.00010 | $5.30/kg | 4 comp
116,0.0001,5.3,0.1545,4,254.49,87.7,"{""ceramic_fiber"": 115.43, ""fumed_silica"": 16.46, ""graphene"": 0.91, ""gypsum"": 121.55}",116. k=0.00010 | $5.30/kg | 4 comp
117,0.0001,5.3,0.1555,4,268.03,87.6,"{""ceramic_fiber"": 120.54, ""fumed_silica"": 17.96, ""graphene"": 0.95, ""gypsum"": 128.43}",117. k=0.00010 | $5.30/kg | 4 comp
118,0.0001,5.3,0.1556,4,240.62,87.6,"{""ceramic_fiber"": 108.48, ""fumed_silica"": 15.85, ""graphene"": 0.9, ""gypsum"": 115.25}",118. k=0.00010 | $5.30/kg | 4 comp
119,0.0001,5.3,0.1556,4,256.51,87.6,"{""ceramic_fiber"": 115.62, ""fumed_silica"": 16.92, ""graphene"": 0.91, ""gypsum"": 122.91}",119. k=0.00010 | $5.30/kg | 4 comp
120,0.0001,5.3,0.156,4,278.01,87.6,"{""ceramic_fiber"": 124.59, ""fumed_silica"": 18.88, ""graphene"": 0.98, ""gypsum"": 133.42}",120. k=0.00010 | $5.30/kg | 4 comp
121,0.0001,5.3,0.1562,4,267.32,87.6,"{""ceramic_fiber"": 118.97, ""fumed_silica"": 18.87, ""graphene"": 0.92, ""gypsum"": 128.4}",121. k=0.00010 | $5.30/kg | 4 comp
122,0.0001,5.3,0.157,4,254.37,87.6,"{""ceramic_fiber"": 112.95, ""fumed_silica"": 17.93, ""graphene"": 0.92, ""gypsum"": 122.38}",122. k=0.00010 | $5.30/kg | 4 comp
123,0.0001,5.3,0.1581,4,283.97,87.5,"{""ceramic_fiber"": 124.21, ""fumed_silica"": 21.43, ""graphene"": 0.96, ""gypsum"": 137.22}",123. k=0.00010 | $5.30/kg | 4 comp
124,0.0001,5.3,0.1587,4,246.98,87.5,"{""ceramic_fiber"": 108.39, ""fumed_silica"": 18.08, ""graphene"": 0.9, ""gypsum"": 119.44}",124. k=0.00010 | $5.30/kg | 4 comp
125,0.0001,5.3,0.1592,4,264.78,87.4,"{""ceramic_fiber"": 115.36, ""fumed_silica"": 20.03, ""graphene"": 0.94, ""gypsum"": 128.29}",125. k=0.00010 | $5.30/kg | 4 comp
126,0.0001,5.3,0.16,4,254.25,87.4,"{""ceramic_fiber"": 110.28, ""fumed_silica"": 19.43, ""graphene"": 0.92, ""gypsum"": 123.47}",126. k=0.00010 | $5.30/kg | 4 comp
127,0.0001,5.3,0.1603,4,252.79,87.4,"{""ceramic_fiber"": 109.05, ""fumed_silica"": 19.8, ""graphene"": 0.92, ""gypsum"": 122.85}",127. k=0.00010 | $5.30/kg | 4 comp
128,0.0001,5.3,0.1605,4,284.03,87.4,"{""ceramic_fiber"": 122.26, ""fumed_silica"": 22.43, ""graphene"": 1.03, ""gypsum"": 138.15}",128. k=0.00010 | $5.30/kg | 4 comp
129,0.0001,5.31,0.1504,4,255.22,87.9,"{""ceramic_fiber"": 120.21, ""fumed_silica"": 13.57, ""graphene"": 0.95, ""gypsum"": 120.03}",129. k=0.00010 | $5.31/kg | 4 comp
130,0.0001,5.31,0.1541,4,247.35,87.7,"{""ceramic_fiber"": 112.12, ""fumed_silica"": 16.21, ""graphene"": 0.9, ""gypsum"": 117.97}",130. k=0.00010 | $5.31/kg | 4 comp
131,0.0001,5.31,0.1557,4,244.04,87.6,"{""ceramic_fiber"": 109.71, ""fumed_silica"": 16.33, ""graphene"": 0.95, ""gypsum"": 116.88}",131. k=0.00010 | $5.31/kg | 4 comp
132,0.0001,5.31,0.1563,4,260.88,87.6,"{""ceramic_fiber"": 116.92, ""fumed_silica"": 17.6, ""graphene"": 1.02, ""gypsum"": 125.19}",132. k=0.00010 | $5.31/kg | 4 comp
133,0.0001,5.31,0.1566,4,244.22,87.6,"{""ceramic_fiber"": 109.16, ""fumed_silica"": 16.68, ""graphene"": 0.94, ""gypsum"": 117.3}",133. k=0.00010 | $5.31/kg | 4 comp
134,0.0001,5.31,0.1566,4,277.37,87.6,"{""ceramic_fiber"": 123.1, ""fumed_silica"": 19.79, ""graphene"": 0.99, ""gypsum"": 133.33}",134. k=0.00010 | $5.31/kg | 4 comp
135,0.0001,5.31,0.1572,4,262.4,87.6,"{""ceramic_fiber"": 116.24, ""fumed_silica"": 18.68, ""graphene"": 0.96, ""gypsum"": 126.36}",135. k=0.00010 | $5.31/kg | 4 comp
136,0.0001,5.31,0.1575,4,242.99,87.5,"{""ceramic_fiber"": 107.84, ""fumed_silica"": 17.03, ""graphene"": 0.92, ""gypsum"": 117.05}",136. k=0.00010 | $5.31/kg | 4 comp
137,0.0001,5.31,0.1584,4,248.63,87.5,"{""ceramic_fiber"": 108.89, ""fumed_silica"": 18.52, ""graphene"": 0.93, ""gypsum"": 120.13}",137. k=0.00010 | $5.31/kg | 4 comp
138,0.0001,5.31,0.1601,4,256.12,87.4,"{""ceramic_fiber"": 110.39, ""fumed_silica"": 20.24, ""graphene"": 0.94, ""gypsum"": 124.4}",138. k=0.00010 | $5.31/kg | 4 comp
139,0.0001,5.31,0.1605,4,246.71,87.4,"{""ceramic_fiber"": 106.44, ""fumed_silica"": 19.25, ""graphene"": 0.96, ""gypsum"": 119.87}",139. k=0.00010 | $5.31/kg | 4 comp
140,0.0001,5.31,0.1631,4,244.74,87.2,"{""ceramic_fiber"": 102.85, ""fumed_silica"": 20.88, ""graphene"": 0.91, ""gypsum"": 119.95}",140. k=0.00010 | $5.31/kg | 4 comp
141,0.0001,5.31,0.1636,4,251.4,87.2,"{""ceramic_fiber"": 104.3, ""fumed_silica"": 22.58, ""graphene"": 0.9, ""gypsum"": 123.45}",141. k=0.00010 | $5.31/kg | 4 comp
142,0.0001,5.31,0.1657,4,260.8,87.1,"{""ceramic_fiber"": 107.13, ""fumed_silica"": 23.78, ""graphene"": 0.96, ""gypsum"": 128.78}",142. k=0.00010 | $5.31/kg | 4 comp
143,0.0001,5.32,0.1539,4,267.44,87.7,"{""ceramic_fiber"": 121.23, ""fumed_silica"": 17.58, ""graphene"": 1.02, ""gypsum"": 127.46}",143. k=0.00010 | $5.32/kg | 4 comp
144,0.0001,5.32,0.154,4,247.67,87.7,"{""ceramic_fiber"": 112.79, ""fumed_silica"": 15.72, ""graphene"": 0.96, ""gypsum"": 118.05}",144. k=0.00010 | $5.32/kg | 4 comp
145,0.0001,5.32,0.1541,4,267.39,87.7,"{""ceramic_fiber"": 121.35, ""fumed_silica"": 17.34, ""graphene"": 1.01, ""gypsum"": 127.51}",145. k=0.00010 | $5.32/kg | 4 comp
146,0.0001,5.32,0.1551,4,245.96,87.7,"{""ceramic_fiber"": 110.9, ""fumed_silica"": 16.35, ""graphene"": 0.95, ""gypsum"": 117.62}",146. k=0.00010 | $5.32/kg | 4 comp
147,0.0001,5.32,0.1579,4,233.98,87.5,"{""ceramic_fiber"": 103.29, ""fumed_silica"": 16.79, ""graphene"": 0.95, ""gypsum"": 112.79}",147. k=0.00010 | $5.32/kg | 4 comp
148,0.0001,5.32,0.158,4,232.48,87.5,"{""ceramic_fiber"": 102.57, ""fumed_silica"": 16.71, ""graphene"": 0.94, ""gypsum"": 112.11}",148. k=0.00010 | $5.32/kg | 4 comp
149,0.0001,5.32,0.1581,4,233.87,87.5,"{""ceramic_fiber"": 102.77, ""fumed_silica"": 17.16, ""graphene"": 0.94, ""gypsum"": 112.8}",149. k=0.00010 | $5.32/kg | 4 comp
150,0.0001,5.32,0.1594,4,228.3,87.4,"{""ceramic_fiber"": 99.58, ""fumed_silica"": 17.1, ""graphene"": 0.93, ""gypsum"": 110.52}",150. k=0.00010 | $5.32/kg | 4 comp
151,0.0001,5.32,0.1601,4,240.5,87.4,"{""ceramic_fiber"": 103.53, ""fumed_silica"": 19.09, ""graphene"": 0.94, ""gypsum"": 116.78}",151. k=0.00010 | $5.32/kg | 4 comp
152,0.0001,5.32,0.1604,4,225.59,87.4,"{""ceramic_fiber"": 97.4, ""fumed_silica"": 17.56, ""graphene"": 0.91, ""gypsum"": 109.55}",152. k=0.00010 | $5.32/kg | 4 comp
153,0.0001,5.32,0.1604,4,232.37,87.4,"{""ceramic_fiber"": 100.01, ""fumed_silica"": 18.4, ""graphene"": 0.92, ""gypsum"": 112.9}",153. k=0.00010 | $5.32/kg | 4 comp
154,0.0001,5.32,0.1608,4,239.15,87.4,"{""ceramic_fiber"": 102.86, ""fumed_silica"": 18.89, ""graphene"": 0.97, ""gypsum"": 116.3}",154. k=0.00010 | $5.32/kg | 4 comp
155,0.0001,5.32,0.1631,4,228.56,87.2,"{""ceramic_fiber"": 95.99, ""fumed_silica"": 19.58, ""graphene"": 0.9, ""gypsum"": 111.92}",155. k=0.00010 | $5.32/kg | 4 comp
156,0.0001,5.32,0.1681,4,245.86,86.9,"{""ceramic_fiber"": 98.45, ""fumed_silica"": 24.08, ""graphene"": 0.93, ""gypsum"": 122.25}",156. k=0.00010 | $5.32/kg | 4 comp
157,0.0001,5.33,0.1506,4,258.31,87.9,"{""ceramic_fiber"": 119.43, ""fumed_silica"": 15.87, ""graphene"": 0.93, ""gypsum"": 121.92}",157. k=0.00010 | $5.33/kg | 4 comp
158,0.0001,5.33,0.1538,4,236.75,87.7,"{""ceramic_fiber"": 107.15, ""fumed_silica"": 15.72, ""graphene"": 0.91, ""gypsum"": 112.77}",158. k=0.00010 | $5.33/kg | 4 comp
159,0.0001,5.33,0.1559,4,235.51,87.6,"{""ceramic_fiber"": 104.84, ""fumed_silica"": 16.67, ""graphene"": 0.95, ""gypsum"": 112.86}",159. k=0.00010 | $5.33/kg | 4 comp
160,0.0001,5.33,0.1567,4,224.38,87.6,"{""ceramic_fiber"": 99.23, ""fumed_silica"": 16.29, ""graphene"": 0.9, ""gypsum"": 107.79}",160. k=0.00010 | $5.33/kg | 4 comp
161,0.0001,5.33,0.1574,4,232.27,87.5,"{""ceramic_fiber"": 103.18, ""fumed_silica"": 16.21, ""graphene"": 0.99, ""gypsum"": 111.74}",161. k=0.00010 | $5.33/kg | 4 comp
162,0.0001,5.33,0.159,4,221.3,87.4,"{""ceramic_fiber"": 96.1, ""fumed_silica"": 17.09, ""graphene"": 0.9, ""gypsum"": 107.01}",162. k=0.00010 | $5.33/kg | 4 comp
163,0.0001,5.33,0.1592,4,240.72,87.4,"{""ceramic_fiber"": 105.11, ""fumed_silica"": 18.0, ""graphene"": 1.02, ""gypsum"": 116.44}",163. k=0.00010 | $5.33/kg | 4 comp
164,0.0001,5.33,0.1593,4,248.57,87.4,"{""ceramic_fiber"": 108.22, ""fumed_silica"": 18.85, ""graphene"": 1.06, ""gypsum"": 120.3}",164. k=0.00010 | $5.33/kg | 4 comp
165,0.0001,5.33,0.1598,4,233.55,87.4,"{""ceramic_fiber"": 100.19, ""fumed_silica"": 18.99, ""graphene"": 0.9, ""gypsum"": 113.3}",165. k=0.00010 | $5.33/kg | 4 comp
166,0.0001,5.33,0.162,4,225.03,87.3,"{""ceramic_fiber"": 95.52, ""fumed_silica"": 18.54, ""graphene"": 0.92, ""gypsum"": 109.79}",166. k=0.00010 | $5.33/kg | 4 comp
167,0.0001,5.33,0.1629,4,226.31,87.2,"{""ceramic_fiber"": 95.02, ""fumed_silica"": 19.47, ""graphene"": 0.91, ""gypsum"": 110.75}",167. k=0.00010 | $5.33/kg | 4 comp
168,0.0001,5.33,0.1644,4,239.41,87.2,"{""ceramic_fiber"": 98.94, ""fumed_silica"": 21.65, ""graphene"": 0.94, ""gypsum"": 117.73}",168. k=0.00010 | $5.33/kg | 4 comp
169,0.0001,5.34,0.1553,4,222.68,87.7,"{""ceramic_fiber"": 100.52, ""fumed_silica"": 14.62, ""graphene"": 0.98, ""gypsum"": 106.41}",169. k=0.00010 | $5.34/kg | 4 comp
170,0.0001,5.34,0.1561,4,223.8,87.6,"{""ceramic_fiber"": 100.39, ""fumed_silica"": 15.05, ""graphene"": 0.98, ""gypsum"": 107.2}",170. k=0.00010 | $5.34/kg | 4 comp
171,0.0001,5.34,0.1563,4,224.16,87.6,"{""ceramic_fiber"": 100.4, ""fumed_silica"": 15.18, ""graphene"": 1.02, ""gypsum"": 107.41}",171. k=0.00010 | $5.34/kg | 4 comp
172,0.0001,5.34,0.1568,4,215.86,87.6,"{""ceramic_fiber"": 95.8, ""fumed_silica"": 15.35, ""graphene"": 0.9, ""gypsum"": 103.33}",172. k=0.00010 | $5.34/kg | 4 comp
173,0.0001,5.34,0.161,4,239.07,87.3,"{""ceramic_fiber"": 102.03, ""fumed_silica"": 19.56, ""graphene"": 1.03, ""gypsum"": 116.3}",173. k=0.00010 | $5.34/kg | 4 comp
174,0.0001,5.34,0.1616,4,218.6,87.3,"{""ceramic_fiber"": 92.69, ""fumed_silica"": 18.27, ""graphene"": 0.93, ""gypsum"": 106.54}",174. k=0.00010 | $5.34/kg | 4 comp
175,0.0001,5.34,0.1617,4,217.51,87.3,"{""ceramic_fiber"": 92.41, ""fumed_silica"": 17.99, ""graphene"": 0.95, ""gypsum"": 106.02}",175. k=0.00010 | $5.34/kg | 4 comp
176,0.0001,5.34,0.1619,4,237.86,87.3,"{""ceramic_fiber"": 101.15, ""fumed_silica"": 19.56, ""graphene"": 1.04, ""gypsum"": 115.98}",176. k=0.00010 | $5.34/kg | 4 comp
177,0.0001,5.34,0.1619,4,208.54,87.3,"{""ceramic_fiber"": 88.41, ""fumed_silica"": 17.38, ""graphene"": 0.91, ""gypsum"": 101.75}",177. k=0.00010 | $5.34/kg | 4 comp
178,0.0001,5.34,0.1619,4,220.59,87.3,"{""ceramic_fiber"": 92.76, ""fumed_silica"": 19.12, ""graphene"": 0.9, ""gypsum"": 107.64}",178. k=0.00010 | $5.34/kg | 4 comp
179,0.0001,5.34,0.1621,4,207.24,87.3,"{""ceramic_fiber"": 87.6, ""fumed_silica"": 17.46, ""graphene"": 0.9, ""gypsum"": 101.12}",179. k=0.00010 | $5.34/kg | 4 comp
180,0.0001,5.34,0.1622,4,231.7,87.3,"{""ceramic_fiber"": 96.99, ""fumed_silica"": 20.41, ""graphene"": 0.92, ""gypsum"": 113.2}",180. k=0.00010 | $5.34/kg | 4 comp
181,0.0001,5.34,0.1624,4,215.03,87.3,"{""ceramic_fiber"": 90.7, ""fumed_silica"": 18.24, ""graphene"": 0.9, ""gypsum"": 105.06}",181. k=0.00010 | $5.34/kg | 4 comp
182,0.0001,5.34,0.1625,4,235.31,87.3,"{""ceramic_fiber"": 98.52, ""fumed_silica"": 20.64, ""graphene"": 0.93, ""gypsum"": 115.08}",182. k=0.00010 | $5.34/kg | 4 comp
183,0.0001,5.34,0.1626,4,248.64,87.2,"{""ceramic_fiber"": 103.97, ""fumed_silica"": 21.88, ""graphene"": 1.03, ""gypsum"": 121.62}",183. k=0.00010 | $5.34/kg | 4 comp
184,0.0001,5.34,0.1627,4,216.34,87.2,"{""ceramic_fiber"": 90.72, ""fumed_silica"": 18.78, ""graphene"": 0.91, ""gypsum"": 105.8}",184. k=0.00010 | $5.34/kg | 4 comp
185,0.0001,5.34,0.1635,4,214.49,87.2,"{""ceramic_fiber"": 89.04, ""fumed_silica"": 19.23, ""graphene"": 0.9, ""gypsum"": 105.11}",185. k=0.00010 | $5.34/kg | 4 comp
186,0.0001,5.34,0.1637,4,223.28,87.2,"{""ceramic_fiber"": 92.39, ""fumed_silica"": 20.27, ""graphene"": 0.92, ""gypsum"": 109.55}",186. k=0.00010 | $5.34/kg | 4 comp
187,0.0001,5.35,0.158,4,204.02,87.5,"{""ceramic_fiber"": 89.2, ""fumed_silica"": 15.44, ""graphene"": 0.9, ""gypsum"": 98.31}",187. k=0.00010 | $5.35/kg | 4 comp
188,0.0001,5.35,0.16,4,211.6,87.4,"{""ceramic_fiber"": 90.52, ""fumed_silica"": 17.38, ""graphene"": 0.9, ""gypsum"": 102.62}",188. k=0.00010 | $5.35/kg | 4 comp
189,0.0001,5.35,0.1644,4,209.77,87.2,"{""ceramic_fiber"": 87.0, ""fumed_silica"": 18.67, ""graphene"": 0.93, ""gypsum"": 103.03}",189. k=0.00010 | $5.35/kg | 4 comp
190,0.0001,5.35,0.165,4,205.76,87.1,"{""ceramic_fiber"": 84.37, ""fumed_silica"": 19.07, ""graphene"": 0.9, ""gypsum"": 101.26}",190. k=0.00010 | $5.35/kg | 4 comp
191,0.0001,5.35,0.1655,4,222.41,87.1,"{""ceramic_fiber"": 89.9, ""fumed_silica"": 21.72, ""graphene"": 0.92, ""gypsum"": 109.72}",191. k=0.00010 | $5.35/kg | 4 comp
192,0.0001,5.35,0.1658,4,210.36,87.1,"{""ceramic_fiber"": 85.82, ""fumed_silica"": 19.7, ""graphene"": 0.91, ""gypsum"": 103.77}",192. k=0.00010 | $5.35/kg | 4 comp
193,0.0001,5.35,0.1686,4,215.49,86.9,"{""ceramic_fiber"": 85.35, ""fumed_silica"": 21.86, ""graphene"": 0.91, ""gypsum"": 107.2}",193. k=0.00010 | $5.35/kg | 4 comp
194,0.0001,5.35,0.1698,4,211.7,86.9,"{""ceramic_fiber"": 83.05, ""fumed_silica"": 21.91, ""graphene"": 0.92, ""gypsum"": 105.63}",194. k=0.00010 | $5.35/kg | 4 comp
195,0.0001,5.36,0.1576,4,211.36,87.5,"{""ceramic_fiber"": 92.11, ""fumed_silica"": 16.39, ""graphene"": 0.91, ""gypsum"": 101.79}",195. k=0.00010 | $5.36/kg | 4 comp
196,0.0001,5.36,0.1583,4,199.75,87.5,"{""ceramic_fiber"": 87.29, ""fumed_silica"": 15.06, ""graphene"": 0.94, ""gypsum"": 96.29}",196. k=0.00010 | $5.36/kg | 4 comp
197,0.0001,5.36,0.1584,4,207.85,87.5,"{""ceramic_fiber"": 89.66, ""fumed_silica"": 16.78, ""graphene"": 0.9, ""gypsum"": 100.33}",197. k=0.00010 | $5.36/kg | 4 comp
198,0.0001,5.36,0.1603,4,213.61,87.4,"{""ceramic_fiber"": 90.21, ""fumed_silica"": 18.58, ""graphene"": 0.9, ""gypsum"": 103.74}",198. k=0.00010 | $5.36/kg | 4 comp
199,0.0001,5.36,0.161,4,194.8,87.3,"{""ceramic_fiber"": 83.17, ""fumed_silica"": 15.91, ""graphene"": 0.92, ""gypsum"": 94.65}",199. k=0.00010 | $5.36/kg | 4 comp
200,0.0001,5.36,0.1632,4,214.27,87.2,"{""ceramic_fiber"": 88.3, ""fumed_silica"": 19.95, ""graphene"": 0.9, ""gypsum"": 104.96}",200. k=0.00010 | $5.36/kg | 4 comp
201,0.0001,5.36,0.1633,4,201.06,87.2,"{""ceramic_fiber"": 83.99, ""fumed_silica"": 17.57, ""graphene"": 0.94, ""gypsum"": 98.37}",201. k=0.00010 | $5.36/kg | 4 comp
202,0.0001,5.36,0.1638,4,204.61,87.2,"{""ceramic_fiber"": 85.33, ""fumed_silica"": 17.9, ""graphene"": 0.97, ""gypsum"": 100.22}",202. k=0.00010 | $5.36/kg | 4 comp
203,0.0001,5.36,0.1673,4,196.33,87.0,"{""ceramic_fiber"": 78.94, ""fumed_silica"": 19.14, ""graphene"": 0.9, ""gypsum"": 97.22}",203. k=0.00010 | $5.36/kg | 4 comp
204,0.0001,5.37,0.1579,4,214.61,87.5,"{""ceramic_fiber"": 93.6, ""fumed_silica"": 16.51, ""graphene"": 1.02, ""gypsum"": 103.39}",204. k=0.00010 | $5.37/kg | 4 comp
205,0.0001,5.37,0.158,4,198.41,87.5,"{""ceramic_fiber"": 86.05, ""fumed_silica"": 15.69, ""graphene"": 0.9, ""gypsum"": 95.62}",205. k=0.00010 | $5.37/kg | 4 comp
206,0.0001,5.37,0.1606,4,196.4,87.4,"{""ceramic_fiber"": 83.75, ""fumed_silica"": 16.25, ""graphene"": 0.92, ""gypsum"": 95.35}",206. k=0.00010 | $5.37/kg | 4 comp
207,0.0001,5.37,0.1629,4,198.03,87.2,"{""ceramic_fiber"": 83.26, ""fumed_silica"": 16.94, ""graphene"": 0.96, ""gypsum"": 96.79}",207. k=0.00010 | $5.37/kg | 4 comp
208,0.0001,5.37,0.1632,4,188.39,87.2,"{""ceramic_fiber"": 78.91, ""fumed_silica"": 16.29, ""graphene"": 0.92, ""gypsum"": 92.09}",208. k=0.00010 | $5.37/kg | 4 comp
209,0.0001,5.37,0.1633,4,207.15,87.2,"{""ceramic_fiber"": 85.69, ""fumed_silica"": 18.92, ""graphene"": 0.96, ""gypsum"": 101.37}",209. k=0.00010 | $5.37/kg | 4 comp
210,0.0001,5.37,0.1645,4,203.05,87.1,"{""ceramic_fiber"": 83.29, ""fumed_silica"": 18.9, ""graphene"": 0.94, ""gypsum"": 99.72}",210. k=0.00010 | $5.37/kg | 4 comp
211,0.0001,5.37,0.1646,4,182.26,87.1,"{""ceramic_fiber"": 75.49, ""fumed_silica"": 16.24, ""graphene"": 0.92, ""gypsum"": 89.44}",211. k=0.00010 | $5.37/kg | 4 comp
212,0.0001,5.37,0.1654,4,205.16,87.1,"{""ceramic_fiber"": 83.89, ""fumed_silica"": 19.13, ""graphene"": 1.0, ""gypsum"": 100.97}",212. k=0.00010 | $5.37/kg | 4 comp
213,0.0001,5.37,0.1667,4,200.51,87.0,"{""ceramic_fiber"": 80.89, ""fumed_silica"": 19.41, ""graphene"": 0.94, ""gypsum"": 99.1}",213. k=0.00010 | $5.37/kg | 4 comp
214,0.0001,5.37,0.1669,4,207.9,87.0,"{""ceramic_fiber"": 83.82, ""fumed_silica"": 20.12, ""graphene"": 0.98, ""gypsum"": 102.83}",214. k=0.00010 | $5.37/kg | 4 comp
215,0.0001,5.37,0.1682,4,201.35,86.9,"{""ceramic_fiber"": 80.06, ""fumed_silica"": 20.23, ""graphene"": 0.96, ""gypsum"": 100.0}",215. k=0.00010 | $5.37/kg | 4 comp
216,0.0001,5.37,0.1689,4,188.27,86.9,"{""ceramic_fiber"": 74.74, ""fumed_silica"": 18.85, ""graphene"": 0.91, ""gypsum"": 93.59}",216. k=0.00010 | $5.37/kg | 4 comp
217,0.0001,5.37,0.1699,4,197.27,86.8,"{""ceramic_fiber"": 76.94, ""fumed_silica"": 20.82, ""graphene"": 0.91, ""gypsum"": 98.41}",217. k=0.00010 | $5.37/kg | 4 comp
218,0.0001,5.38,0.1562,4,200.44,87.6,"{""ceramic_fiber"": 88.29, ""fumed_silica"": 15.02, ""graphene"": 0.96, ""gypsum"": 96.01}",218. k=0.00010 | $5.38/kg | 4 comp
219,0.0001,5.38,0.1604,4,213.94,87.4,"{""ceramic_fiber"": 89.71, ""fumed_silica"": 19.2, ""graphene"": 0.91, ""gypsum"": 103.99}",219. k=0.00010 | $5.38/kg | 4 comp
220,0.0001,5.38,0.1608,4,194.45,87.3,"{""ceramic_fiber"": 82.05, ""fumed_silica"": 16.83, ""graphene"": 0.9, ""gypsum"": 94.5}",220. k=0.00010 | $5.38/kg | 4 comp
221,0.0001,5.38,0.163,4,181.11,87.2,"{""ceramic_fiber"": 76.08, ""fumed_silica"": 15.5, ""graphene"": 0.94, ""gypsum"": 88.45}",221. k=0.00010 | $5.38/kg | 4 comp
222,0.0001,5.38,0.1633,4,195.79,87.2,"{""ceramic_fiber"": 81.04, ""fumed_silica"": 17.84, ""graphene"": 0.93, ""gypsum"": 95.79}",222. k=0.00010 | $5.38/kg | 4 comp
223,0.0001,5.38,0.1634,4,193.08,87.2,"{""ceramic_fiber"": 80.32, ""fumed_silica"": 17.18, ""graphene"": 0.97, ""gypsum"": 94.49}",223. k=0.00010 | $5.38/kg | 4 comp
224,0.0001,5.38,0.1642,4,191.44,87.2,"{""ceramic_fiber"": 78.63, ""fumed_silica"": 17.79, ""graphene"": 0.93, ""gypsum"": 93.88}",224. k=0.00010 | $5.38/kg | 4 comp
225,0.0001,5.38,0.165,4,201.83,87.1,"{""ceramic_fiber"": 81.19, ""fumed_silica"": 20.19, ""graphene"": 0.9, ""gypsum"": 99.37}",225. k=0.00010 | $5.38/kg | 4 comp
226,0.0001,5.38,0.1676,4,193.75,87.0,"{""ceramic_fiber"": 76.66, ""fumed_silica"": 19.98, ""graphene"": 0.9, ""gypsum"": 96.07}",226. k=0.00010 | $5.38/kg | 4 comp
227,0.0001,5.38,0.1677,4,188.33,87.0,"{""ceramic_fiber"": 75.17, ""fumed_silica"": 18.77, ""graphene"": 0.92, ""gypsum"": 93.3}",227. k=0.00010 | $5.38/kg | 4 comp
228,0.0001,5.38,0.1702,4,203.58,86.8,"{""ceramic_fiber"": 78.39, ""fumed_silica"": 22.4, ""graphene"": 0.91, ""gypsum"": 101.71}",228. k=0.00010 | $5.38/kg | 4 comp
229,0.0001,5.38,0.1711,4,188.07,86.8,"{""ceramic_fiber"": 72.48, ""fumed_silica"": 20.4, ""graphene"": 0.91, ""gypsum"": 94.09}",229. k=0.00010 | $5.38/kg | 4 comp
230,0.0001,5.39,0.158,4,198.84,87.5,"{""ceramic_fiber"": 85.16, ""fumed_silica"": 16.74, ""graphene"": 0.9, ""gypsum"": 95.88}",230. k=0.00010 | $5.39/kg | 4 comp
231,0.0001,5.39,0.1621,4,175.24,87.3,"{""ceramic_fiber"": 73.35, ""fumed_silica"": 15.39, ""graphene"": 0.9, ""gypsum"": 85.37}",231. k=0.00010 | $5.39/kg | 4 comp
232,0.0001,5.39,0.163,4,180.62,87.2,"{""ceramic_fiber"": 75.11, ""fumed_silica"": 16.18, ""graphene"": 0.9, ""gypsum"": 88.26}",232. k=0.00010 | $5.39/kg | 4 comp
233,0.0001,5.39,0.1646,4,170.9,87.1,"{""ceramic_fiber"": 70.7, ""fumed_silica"": 15.31, ""graphene"": 0.92, ""gypsum"": 83.79}",233. k=0.00010 | $5.39/kg | 4 comp
234,0.0001,5.39,0.165,4,182.19,87.1,"{""ceramic_fiber"": 75.18, ""fumed_silica"": 16.42, ""graphene"": 0.98, ""gypsum"": 89.44}",234. k=0.00010 | $5.39/kg | 4 comp
235,0.0001,5.39,0.1662,4,180.76,87.0,"{""ceramic_fiber"": 72.64, ""fumed_silica"": 17.87, ""graphene"": 0.9, ""gypsum"": 89.17}",235. k=0.00010 | $5.39/kg | 4 comp
236,0.0001,5.39,0.1663,4,192.18,87.0,"{""ceramic_fiber"": 77.46, ""fumed_silica"": 18.76, ""graphene"": 0.97, ""gypsum"": 94.82}",236. k=0.00010 | $5.39/kg | 4 comp
237,0.0001,5.39,0.1667,4,191.17,87.0,"{""ceramic_fiber"": 77.48, ""fumed_silica"": 18.17, ""graphene"": 1.01, ""gypsum"": 94.33}",237. k=0.00010 | $5.39/kg | 4 comp
238,0.0001,5.39,0.1684,4,186.64,86.9,"{""ceramic_fiber"": 73.58, ""fumed_silica"": 19.3, ""graphene"": 0.93, ""gypsum"": 92.64}",238. k=0.00010 | $5.39/kg | 4 comp
239,0.0001,5.39,0.1704,4,179.38,86.8,"{""ceramic_fiber"": 69.73, ""fumed_silica"": 19.03, ""graphene"": 0.9, ""gypsum"": 89.54}",239. k=0.00010 | $5.39/kg | 4 comp
240,0.0001,5.39,0.171,4,186.72,86.8,"{""ceramic_fiber"": 71.74, ""fumed_silica"": 20.49, ""graphene"": 0.9, ""gypsum"": 93.41}",240. k=0.00010 | $5.39/kg | 4 comp
241,0.0001,5.39,0.172,4,177.75,86.7,"{""ceramic_fiber"": 68.23, ""fumed_silica"": 19.35, ""graphene"": 0.91, ""gypsum"": 89.11}",241. k=0.00010 | $5.39/kg | 4 comp
242,0.0001,5.4,0.1624,4,179.65,87.3,"{""ceramic_fiber"": 74.83, ""fumed_silica"": 16.11, ""graphene"": 0.92, ""gypsum"": 87.62}",242. k=0.00010 | $5.40/kg | 4 comp
243,0.0001,5.4,0.1661,4,183.18,87.1,"{""ceramic_fiber"": 73.45, ""fumed_silica"": 18.3, ""graphene"": 0.91, ""gypsum"": 90.34}",243. k=0.00010 | $5.40/kg | 4 comp
244,0.0001,5.4,0.1661,4,181.53,87.1,"{""ceramic_fiber"": 74.01, ""fumed_silica"": 16.97, ""graphene"": 1.0, ""gypsum"": 89.37}",244. k=0.00010 | $5.40/kg | 4 comp
245,0.0001,5.4,0.1669,4,174.66,87.0,"{""ceramic_fiber"": 70.58, ""fumed_silica"": 16.74, ""graphene"": 0.96, ""gypsum"": 86.22}",245. k=0.00010 | $5.40/kg | 4 comp
246,0.0001,5.4,0.1673,4,166.75,87.0,"{""ceramic_fiber"": 67.27, ""fumed_silica"": 16.0, ""graphene"": 0.91, ""gypsum"": 82.39}",246. k=0.00010 | $5.40/kg | 4 comp
247,0.0001,5.4,0.1677,4,190.96,87.0,"{""ceramic_fiber"": 75.03, ""fumed_silica"": 20.15, ""graphene"": 0.93, ""gypsum"": 94.67}",247. k=0.00010 | $5.40/kg | 4 comp
248,0.0001,5.4,0.1681,4,176.05,86.9,"{""ceramic_fiber"": 69.71, ""fumed_silica"": 17.99, ""graphene"": 0.92, ""gypsum"": 87.24}",248. k=0.00010 | $5.40/kg | 4 comp
249,0.0001,5.4,0.1694,4,174.32,86.9,"{""ceramic_fiber"": 68.15, ""fumed_silica"": 18.33, ""graphene"": 0.9, ""gypsum"": 86.72}",249. k=0.00010 | $5.40/kg | 4 comp
250,0.0001,5.4,0.172,4,190.42,86.7,"{""ceramic_fiber"": 71.91, ""fumed_silica"": 21.91, ""graphene"": 0.91, ""gypsum"": 95.63}",250. k=0.00010 | $5.40/kg | 4 comp
251,0.0001,5.41,0.1645,4,178.97,87.1,"{""ceramic_fiber"": 72.72, ""fumed_silica"": 17.32, ""graphene"": 0.93, ""gypsum"": 87.82}",251. k=0.00010 | $5.41/kg | 4 comp
252,0.0001,5.41,0.1648,4,183.43,87.1,"{""ceramic_fiber"": 74.35, ""fumed_silica"": 17.86, ""graphene"": 0.95, ""gypsum"": 90.11}",252. k=0.00010 | $5.41/kg | 4 comp
253,0.0001,5.41,0.1649,4,173.32,87.1,"{""ceramic_fiber"": 70.65, ""fumed_silica"": 16.44, ""graphene"": 0.93, ""gypsum"": 85.15}",253. k=0.00010 | $5.41/kg | 4 comp
254,0.0001,5.41,0.166,4,168.94,87.1,"{""ceramic_fiber"": 68.14, ""fumed_silica"": 16.51, ""graphene"": 0.9, ""gypsum"": 83.23}",254. k=0.00010 | $5.41/kg | 4 comp
255,0.0001,5.41,0.1673,4,182.18,87.0,"{""ceramic_fiber"": 72.08, ""fumed_silica"": 18.86, ""graphene"": 0.95, ""gypsum"": 90.14}",255. k=0.00010 | $5.41/kg | 4 comp
256,0.0001,5.41,0.168,4,170.9,86.9,"{""ceramic_fiber"": 67.48, ""fumed_silica"": 17.67, ""graphene"": 0.91, ""gypsum"": 84.68}",256. k=0.00010 | $5.41/kg | 4 comp
257,0.0001,5.41,0.1683,4,168.4,86.9,"{""ceramic_fiber"": 66.66, ""fumed_silica"": 17.17, ""graphene"": 0.92, ""gypsum"": 83.48}",257. k=0.00010 | $5.41/kg | 4 comp
258,0.0001,5.41,0.1691,4,170.17,86.9,"{""ceramic_fiber"": 67.36, ""fumed_silica"": 17.19, ""graphene"": 0.96, ""gypsum"": 84.5}",258. k=0.00010 | $5.41/kg | 4 comp
259,0.0001,5.41,0.1699,4,170.2,86.8,"{""ceramic_fiber"": 66.63, ""fumed_silica"": 17.72, ""graphene"": 0.95, ""gypsum"": 84.74}",259. k=0.00010 | $5.41/kg | 4 comp
260,0.0001,5.41,0.1709,4,174.1,86.8,"{""ceramic_fiber"": 66.42, ""fumed_silica"": 19.56, ""graphene"": 0.9, ""gypsum"": 87.02}",260. k=0.00010 | $5.41/kg | 4 comp
261,0.0001,5.41,0.172,4,180.43,86.7,"{""ceramic_fiber"": 68.26, ""fumed_silica"": 20.59, ""graphene"": 0.95, ""gypsum"": 90.46}",261. k=0.00010 | $5.41/kg | 4 comp
262,0.0001,5.41,0.1751,4,167.43,86.6,"{""ceramic_fiber"": 61.92, ""fumed_silica"": 19.8, ""graphene"": 0.9, ""gypsum"": 84.61}",262. k=0.00010 | $5.41/kg | 4 comp
263,0.0001,5.42,0.1643,4,164.41,87.2,"{""ceramic_fiber"": 67.69, ""fumed_silica"": 15.1, ""graphene"": 0.93, ""gypsum"": 80.46}",263. k=0.00010 | $5.42/kg | 4 comp
264,0.0001,5.42,0.1654,4,173.34,87.1,"{""ceramic_fiber"": 69.92, ""fumed_silica"": 17.07, ""graphene"": 0.94, ""gypsum"": 85.24}",264. k=0.00010 | $5.42/kg | 4 comp
265,0.0001,5.42,0.1669,4,181.9,87.0,"{""ceramic_fiber"": 71.45, ""fumed_silica"": 19.35, ""graphene"": 0.93, ""gypsum"": 89.9}",265. k=0.00010 | $5.42/kg | 4 comp
266,0.0001,5.42,0.1674,4,170.08,87.0,"{""ceramic_fiber"": 68.46, ""fumed_silica"": 16.47, ""graphene"": 1.0, ""gypsum"": 83.99}",266. k=0.00010 | $5.42/kg | 4 comp
267,0.0001,5.42,0.1688,4,169.85,86.9,"{""ceramic_fiber"": 66.41, ""fumed_silica"": 18.02, ""graphene"": 0.92, ""gypsum"": 84.35}",267. k=0.00010 | $5.42/kg | 4 comp
268,0.0001,5.42,0.1693,4,172.99,86.9,"{""ceramic_fiber"": 67.16, ""fumed_silica"": 18.69, ""graphene"": 0.94, ""gypsum"": 86.05}",268. k=0.00010 | $5.42/kg | 4 comp
269,0.0001,5.42,0.1698,4,163.83,86.9,"{""ceramic_fiber"": 64.11, ""fumed_silica"": 17.09, ""graphene"": 0.95, ""gypsum"": 81.48}",269. k=0.00010 | $5.42/kg | 4 comp
270,0.0001,5.42,0.1702,4,164.69,86.8,"{""ceramic_fiber"": 64.06, ""fumed_silica"": 17.48, ""graphene"": 0.94, ""gypsum"": 82.02}",270. k=0.00010 | $5.42/kg | 4 comp
271,0.0001,5.42,0.1703,4,173.76,86.8,"{""ceramic_fiber"": 67.71, ""fumed_silica"": 18.32, ""graphene"": 0.98, ""gypsum"": 86.6}",271. k=0.00010 | $5.42/kg | 4 comp
272,0.0001,5.42,0.1705,4,167.78,86.8,"{""ceramic_fiber"": 64.54, ""fumed_silica"": 18.43, ""graphene"": 0.91, ""gypsum"": 83.72}",272. k=0.00010 | $5.42/kg | 4 comp
273,0.0001,5.42,0.1709,4,157.24,86.8,"{""ceramic_fiber"": 60.87, ""fumed_silica"": 16.84, ""graphene"": 0.91, ""gypsum"": 78.41}",273. k=0.00010 | $5.42/kg | 4 comp
274,0.0001,5.42,0.1709,4,165.62,86.8,"{""ceramic_fiber"": 63.75, ""fumed_silica"": 18.08, ""graphene"": 0.91, ""gypsum"": 82.73}",274. k=0.00010 | $5.42/kg | 4 comp
275,0.0001,5.42,0.1729,4,163.26,86.7,"{""ceramic_fiber"": 62.0, ""fumed_silica"": 18.19, ""graphene"": 0.94, ""gypsum"": 81.93}",275. k=0.00010 | $5.42/kg | 4 comp
276,0.0001,5.42,0.1731,4,159.86,86.7,"{""ceramic_fiber"": 60.63, ""fumed_silica"": 17.88, ""graphene"": 0.91, ""gypsum"": 80.27}",276. k=0.00010 | $5.42/kg | 4 comp
277,0.0001,5.42,0.1733,4,164.15,86.7,"{""ceramic_fiber"": 61.63, ""fumed_silica"": 18.91, ""graphene"": 0.92, ""gypsum"": 82.49}",277. k=0.00010 | $5.42/kg | 4 comp
278,0.0001,5.42,0.1738,4,161.65,86.6,"{""ceramic_fiber"": 60.58, ""fumed_silica"": 18.61, ""graphene"": 0.92, ""gypsum"": 81.32}",278. k=0.00010 | $5.42/kg | 4 comp
279,0.0001,5.42,0.1741,4,163.02,86.6,"{""ceramic_fiber"": 60.93, ""fumed_silica"": 18.88, ""graphene"": 0.93, ""gypsum"": 82.11}",279. k=0.00010 | $5.42/kg | 4 comp
280,0.0001,5.43,0.1702,4,152.09,86.8,"{""ceramic_fiber"": 59.1, ""fumed_silica"": 16.21, ""graphene"": 0.9, ""gypsum"": 75.72}",280. k=0.00010 | $5.43/kg | 4 comp
